[
  {
    "address": "",
    "room_no": "",
    "floor": "",
    "street_number": "30",
    "street_name": "Oak St",
    "apartment_suite_number": "",
    "city_sublocality": "",
    "city": "Milford",
    "sublocality": "",
    "state_province_subdivision": "",
    "state_province": "Maine",
    "state_province_short": "ME",
    "country": "United States",
    "country_short": "US",
    "postal_code": "04461",
    "postal_code_suffix": "",
    "post_box": "",
    "latitude": "",
    "longitude": "",
    "time_zone": ""
  },
  {
    "address": "",
    "room_no": "",
    "floor": "",
    "street_number": "2",
    "street_name": "Fairlawn Dr",
    "apartment_suite_number": "",
    "city_sublocality": "",
    "city": "Bakersfield",
    "state_province_subdivision": "",
    "state_province": "Michigan",
    "state_province_short": "MI",
    "country": "United States",
    "country_short": "US",
    "postal_code": "48120",
    "postal_code_suffix": "",
    "post_box": "",
    "latitude": "",
    "longitude": "",
    "time_zone": ""
  },
  {
    "address": "",
    "room_no": "",
    "floor": "",
    "street_number": "616",
    "street_name": "Bloomfield Way",
    "apartment_suite_number": "",
    "city_sublocality": "",
    "city": "Brentwood",
    "state_province_subdivision": "",
    "state_province": "Tennesee",
    "state_province_short": "TN",
    "country": "United States",
    "country_short": "US",
    "postal_code": "37027",
    "postal_code_suffix": "",
    "post_box": "",
    "latitude": "",
    "longitude": "",
    "time_zone": ""
  },
  {
    "address": "",
    "room_no": "",
    "floor": "",
    "street_number": "407",
    "street_name": "N Pearl St",
    "apartment_suite_number": "",
    "city_sublocality": "",
    "city": "Carthage",
    "state_province_subdivision": "",
    "state_province": "Mississippi",
    "state_province_short": "MS",
    "country": "United States",
    "country_code": "US",
    "postal_code": "39051",
    "postal_code_suffix": "",
    "post_box": "",
    "latitude": "",
    "longitude": "",
    "time_zone": ""
  },
  {
    "address": "",
    "room_no": "",
    "floor": "",
    "street_number": "3917",
    "street_name": "Bridge Harbor Dr",
    "apartment_suite_number": "",
    "city_sublocality": "",
    "city": "Galveston",
    "state_province_subdivision": "",
    "state_province": "Texas",
    "state_province_short": "TX",
    "country": "United States",
    "country_short": "US",
    "postal_code": "77554",
    "postal_code_suffix": "",
    "post_box": "",
    "latitude": "",
    "longitude": "",
    "time_zone": ""
  },
  {
    "address": "",
    "room_no": "",
    "floor": "",
    "street_number": "627",
    "street_name": "K St",
    "apartment_suite_number": "",
    "city_sublocality": "",
    "city": "Burwell",
    "state_province_subdivision": "",
    "state_province": "Nebraska",
    "state_province_short": "NE",
    "country": "United States",
    "country_short": "US",
    "postal_code": "68823",
    "postal_code_suffix": "",
    "post_box": "",
    "latitude": "",
    "longitude": "",
    "time_zone": ""
  },
  {
    "address": "",
    "room_no": "",
    "floor": "",
    "street_number": "360",
    "street_name": "Columbus Ave",
    "apartment_suite_number": "",
    "city_sublocality": "",
    "city": "Cohasset",
    "state_province_subdivision": "",
    "state_province": "Minnesota",
    "state_province_short": "MN",
    "country": "United States",
    "country_short": "US",
    "postal_code": "55721",
    "postal_code_suffix": "",
    "post_box": "",
    "latitude": "",
    "longitude": "",
    "time_zone": ""
  },
  {
    "address": "",
    "room_no": "",
    "floor": "",
    "street_number": "603",
    "street_name": "Wyoming St",
    "apartment_suite_number": "",
    "city_sublocality": "",
    "city": "Golden",
    "state_province_subdivision": "",
    "state_province": "Ohio",
    "state_province_short": "OH",
    "country": "United States",
    "country_short": "US",
    "postal_code": "80403",
    "postal_code_suffix": "",
    "post_box": "",
    "latitude": "",
    "longitude": "",
    "time_zone": ""
  },
  {
    "address": "",
    "room_no": "",
    "floor": "",
    "street_number": "945",
    "street_name": "Cll Calmado",
    "apartment_suite_number": "",
    "city_sublocality": "",
    "city": "Las Cruces",
    "state_province_subdivision": "",
    "state_province": "New Mexico",
    "state_province_short": "NM",
    "country": "United States",
    "country_short": "US",
    "postal_code": "88007",
    "postal_code_suffix": "",
    "post_box": "",
    "latitude": "",
    "longitude": "",
    "time_zone": ""
  },
  {
    "address": "",
    "room_no": "",
    "floor": "",
    "street_number": "1804",
    "street_name": "Fort Douglas Cir",
    "apartment_suite_number": "",
    "city_sublocality": "",
    "city": "Salt Lake City",
    "state_province_subdivision": "",
    "state_province": "Utah",
    "state_province_short": "UT",
    "country": "United States",
    "country_short": "US",
    "postal_code": "84103",
    "postal_code_suffix": "",
    "post_box": "",
    "latitude": "",
    "longitude": "",
    "time_zone": ""
  },
  {
    "address": "",
    "room_no": "",
    "floor": "",
    "street_number": "20",
    "street_name": "Cedar Rd",
    "apartment_suite_number": "",
    "city_sublocality": "",
    "city": "Martinsdale",
    "state_province_subdivision": "",
    "state_province": "Montana",
    "state_province_short": "MT",
    "country": "United States",
    "country_short": "US",
    "postal_code": "59053",
    "postal_code_suffix": "",
    "post_box": "",
    "latitude": "",
    "longitude": "",
    "time_zone": ""
  },
  {
    "address": "",
    "room_no": "",
    "floor": "",
    "street_number": "20550",
    "street_name": "SW Tile Flat Rd",
    "apartment_suite_number": "",
    "city_sublocality": "",
    "city": "Beaverton",
    "state_province_subdivision": "",
    "state_province": "Oregon",
    "state_province_short": "OR",
    "country": "United States",
    "country_code": "US",
    "postal_code": "97007",
    "postal_code_suffix": "",
    "post_box": "",
    "latitude": "",
    "longitude": "",
    "time_zone": ""
  },
  {
    "address": "",
    "room_no": "",
    "floor": "",
    "street_number": "1360",
    "street_name": "Summitridge Pl",
    "apartment_suite_number": "",
    "city_sublocality": "",
    "city": "Beverly Hills",
    "state_province_subdivision": "",
    "state_province": "California",
    "state_province_short": "CA",
    "country": "United States",
    "country_code": "US",
    "postal_code": "90210",
    "postal_code_suffix": "",
    "post_box": "",
    "latitude": "",
    "longitude": "",
    "time_zone": ""
  },
  {
    "address": "",
    "room_no": "",
    "floor": "",
    "street_number": "712",
    "street_name": "Elizabeth St",
    "apartment_suite_number": "",
    "city_sublocality": "",
    "city": "Petoskey",
    "state_province_subdivision": "",
    "state_province": "Michigan",
    "state_province_short": "MI",
    "country": "United States",
    "country_short": "US",
    "postal_code": "49770",
    "postal_code_suffix": "",
    "post_box": "",
    "latitude": "",
    "longitude": "",
    "time_zone": ""
  },
  {
    "address": "",
    "room_no": "",
    "floor": "",
    "street_number": "8520",
    "street_name": "SW 133rd Ave",
    "apartment_suite_number": "305",
    "city_sublocality": "",
    "city": "Beaverton",
    "state_province_subdivision": "",
    "state_province": "Florida",
    "state_province_short": "FL",
    "country": "United States",
    "country_short": "US",
    "postal_code": "33183",
    "postal_code_suffix": "",
    "post_box": "",
    "latitude": "",
    "longitude": "",
    "time_zone": ""
  },
  {
    "address": "",
    "room_no": "",
    "floor": "",
    "street_number": "2204",
    "street_name": "Pacific Ave",
    "apartment_suite_number": "",
    "city_sublocality": "",
    "city": "Hoquiam",
    "state_province_subdivision": "",
    "state_province": "Washington",
    "state_province_short": "WA",
    "country": "United States",
    "country_code": "US",
    "postal_code": "98550",
    "postal_code_suffix": "",
    "post_box": "",
    "latitude": "",
    "longitude": "",
    "time_zone": ""
  },
  {
    "address": "",
    "room_no": "",
    "floor": "",
    "street_number": "14001",
    "street_name": "Palawan Way",
    "apartment_suite_number": "2PH01-IDA",
    "city_sublocality": "",
    "city": "Marina Del Rey",
    "state_province_subdivision": "",
    "state_province": "California",
    "state_province_short": "CA",
    "country": "United States",
    "country_short": "US",
    "postal_code": "90292",
    "postal_code_suffix": "",
    "post_box": "",
    "latitude": "",
    "longitude": "",
    "time_zone": ""
  },
  {
    "address": "",
    "room_no": "",
    "floor": "",
    "street_number": "2525",
    "street_name": "Riverview Dr",
    "apartment_suite_number": "",
    "city_sublocality": "",
    "city": "Colonial Beach",
    "state_province_subdivision": "",
    "state_province": "Virginia",
    "state_province_short": "VA",
    "country": "United States",
    "country_short": "US",
    "postal_code": "22443",
    "postal_code_suffix": "",
    "post_box": "",
    "latitude": "",
    "longitude": "",
    "time_zone": ""
  },
  {
    "address": "",
    "room_no": "",
    "floor": "", 
    "street_number": "23",
    "street_name": "Schoolhouse Vlg",
    "apartment_suite_number": "",
    "city_sublocality": "",
    "city": "Oak Bluffs",
    "state_province_subdivision": "",
    "state_province": "Massachusetts",
    "state_province_short": "MA",
    "country": "United States",
    "country_short": "US",
    "postal_code": "02557",
    "postal_code_suffix": "",
    "post_box": "",
    "latitude": "",
    "longitude": "",
    "time_zone": ""
  }
]
